user_key,product_name,category,producer_name,total_qty,total_orders,last_order_date,frequency_score,svd_score,rf_score,final_score
alice.johnson76,Sourdough Loaf,bakery,Mendip Hills Farm,13,3,2025-11-22,0.2,0.19212410785830594,0.737614985497717,0.4103204589140703
alice.johnson76,Strawberry Jam,preserves,Mendip Hills Farm,8,3,2025-11-22,0.2,0.11780032050500731,0.8350816178690237,0.40471283945061387
alice.johnson76,Wholemeal Bread,bakery,Mendip Hills Farm,8,2,2025-07-03,0.1,0.1205542007925911,0.7460450130376752,0.3707505256906248
alice.johnson76,Blackberries,fruits,Wye Valley Growers,13,1,2025-08-16,0.0,0.1765236393910296,0.5843243379768671,0.3396439188253646
alice.johnson76,Honey,preserves,Mendip Hills Farm,4,1,2024-01-23,0.0,0.07009953834021347,0.7074794587613731,0.3250515065086773
alice.jones36,Whole Milk,dairy,Wye Valley Growers,42,6,2025-08-13,0.5,0.5804645444413028,0.9875862523727219,0.7433132276138704
alice.jones36,Yoghurt,dairy,Avon Growers,34,7,2025-09-15,0.6,0.4712500036029635,0.9820891233360298,0.67558565149619
alice.jones36,Cheese,dairy,Green Valley Farm,18,5,2025-09-15,0.4,0.257522138317488,0.8101282344377939,0.47856457676561037
alice.jones36,Wholemeal Bread,bakery,Green Valley Farm,12,2,2025-09-15,0.1,0.17552714727380464,0.8139215315485745,0.43088490098371257
alice.jones36,Spinach,vegetables,Wye Valley Growers,5,2,2025-05-19,0.1,0.07653576702243324,0.6994989384132189,0.3257210355787475
alice.thomas5,Honey,preserves,Wye Valley Growers,21,4,2025-11-11,0.3,0.2963187769300292,0.8613871357209129,0.5223461204463827
alice.thomas5,Chutney,preserves,Wye Valley Growers,18,5,2025-04-25,0.4,0.25693923654241335,0.8520633740319413,0.49498889153822456
alice.thomas5,Carrots,vegetables,Green Valley Farm,18,3,2025-11-06,0.2,0.24922527932523833,0.7801570952846161,0.46159800570898946
alice.thomas5,Kale,vegetables,Wye Valley Growers,12,2,2024-12-04,0.1,0.16779416159899135,0.8185016229678516,0.4280771461465354
alice.thomas5,Potatoes,vegetables,Cotswold Fresh,17,4,2025-12-12,0.3,0.24983415521313096,0.6896492455716405,0.4257601913565348
bob.davies20,Tomatoes,vegetables,River Bend Nursery,6,2,2025-05-25,0.1,0.08615146804232944,0.7682578567566054,0.3589940235280399
bob.davies20,Kale,vegetables,River Bend Nursery,5,2,2025-10-28,0.1,0.09012924832770143,0.6746434077779245,0.3239349121077907
bob.davies20,Yoghurt,dairy,River Bend Nursery,1,1,2025-05-22,0.0,0.028160451614580178,0.5685131193468324,0.24430151870748104
bob.davies20,Potatoes,vegetables,River Bend Nursery,4,2,2025-10-28,0.1,0.06345897430074418,0.5014420170834503,0.23865219141382663
bob.davies20,Whole Milk,dairy,Severn Side Produce,3,1,2025-05-25,0.0,0.04944209407275763,0.35601430842314563,0.17207097981291283
bob.evans52,Honey,preserves,Green Valley Farm,24,4,2025-03-05,0.3,0.34131161998545784,0.86132476527798,0.5493168781024667
bob.evans52,Chutney,preserves,Mendip Hills Farm,14,3,2025-10-15,0.2,0.2007092647775499,0.8750173378983446,0.4704324940258678
bob.evans52,Rhubarb,fruits,Green Valley Farm,8,2,2025-03-05,0.1,0.11534243335879721,0.7336966043451251,0.3626841017533284
bob.evans52,Red Onions,vegetables,Mendip Hills Farm,6,2,2024-07-11,0.1,0.09337084685598103,0.7539257519648314,0.35759280889952116
bob.evans52,Strawberries,fruits,Mendip Hills Farm,4,1,2024-07-11,0.0,0.06699425760937314,0.3646998002565823,0.1860764746682568
bob.johnson56,Potatoes,vegetables,Mendip Hills Farm,20,5,2025-10-03,0.4,0.27694402778439464,0.7555053775614654,0.46836856769522295
bob.johnson56,Kale,vegetables,Mendip Hills Farm,11,4,2024-10-23,0.3,0.17704104466708806,0.830980884494778,0.43861698059816406
bob.johnson56,Leeks,vegetables,Mendip Hills Farm,19,4,2025-10-03,0.3,0.2686437718825061,0.6731385280258839,0.43044167433985725
bob.johnson56,Spinach,vegetables,Mendip Hills Farm,12,2,2024-09-03,0.1,0.1675204841144235,0.67223493418463,0.3694062641425061
bob.johnson56,Butternut Squash,vegetables,Mendip Hills Farm,9,2,2024-10-23,0.1,0.12149823457579663,0.6937627608566838,0.3504040450881515
bob.smith63,Cheese,dairy,Severn Side Produce,34,8,2025-11-24,0.7,0.47293421271177305,0.8988467356453651,0.6432992218852098
bob.smith63,Wholemeal Bread,bakery,River Bend Nursery,19,4,2025-07-28,0.3,0.2692234020051387,0.9028306509744891,0.522666301592879
bob.smith63,Whole Milk,dairy,River Bend Nursery,16,4,2025-06-11,0.3,0.23148944917344708,0.9586618518842163,0.5223584102577548
bob.smith63,Sourdough Loaf,bakery,Severn Side Produce,16,5,2025-11-24,0.4,0.2279293965605871,0.9000023241792424,0.49675856760804926
bob.smith63,Tomatoes,vegetables,Green Valley Farm,8,2,2025-02-06,0.1,0.11829782822966564,0.7613967315680543,0.37553738956502114
bob.taylor46,Yoghurt,dairy,Green Valley Farm,18,3,2025-03-13,0.2,0.25743985463374813,0.8770457090124341,0.5052821963852225
bob.taylor46,Cheese,dairy,Bristol Organics,17,5,2024-11-29,0.4,0.24179230761137088,0.8686799160133114,0.4925473509721471
bob.taylor46,Honey,preserves,Bristol Organics,11,3,2025-05-24,0.2,0.16318589599258423,0.8808444454446698,0.4502493157734185
bob.taylor46,Strawberry Jam,preserves,Green Valley Farm,12,2,2025-03-13,0.1,0.17318186678983205,0.7057274196994743,0.386200087953689
bob.taylor46,Red Onions,vegetables,Bristol Organics,11,3,2025-07-10,0.2,0.16461356430111523,0.7039712724607037,0.38035664756495063
charlie.davies44,Sourdough Loaf,bakery,Green Valley Farm,37,6,2025-03-07,0.5,0.5108204559371778,0.8755962318245912,0.6567307662921432
charlie.davies44,Potatoes,vegetables,Green Valley Farm,5,2,2025-04-10,0.1,0.08260798907571607,0.7073660010136514,0.33251119385089023
charlie.davies44,Kale,vegetables,Cotswold Fresh,4,1,2024-08-13,0.0,0.07110959971815758,0.6180552088248742,0.2898878433608442
charlie.davies44,Wholemeal Bread,bakery,Severn Side Produce,7,1,2025-04-24,0.0,0.1085316842274938,0.5326874237742945,0.2781939800462141
charlie.davies44,Yoghurt,dairy,Avon Growers,4,1,2024-09-25,0.0,0.06582780643184157,0.41402133328131424,0.20510521717163063
charlie.evans28,Honey,preserves,Cotswold Fresh,6,2,2025-09-05,0.1,0.08970688337836207,0.4341634532528335,0.22748951132815065
charlie.evans28,Wholemeal Bread,bakery,Bristol Organics,6,1,2025-09-05,0.0,0.09532103427267453,0.34677404090079034,0.19590223692392086
charlie.evans28,Strawberries,fruits,Cotswold Fresh,6,1,2025-08-22,0.0,0.08386609919308786,0.3440865572596902,0.18795428241972878
charlie.evans28,Plums,fruits,Cotswold Fresh,1,1,2025-08-22,0.0,0.04986438978013557,0.32817424908619053,0.16118833350255754
charlie.evans28,Gooseberries,fruits,Cotswold Fresh,2,1,2025-08-22,0.0,0.0404531635371345,0.33733723940853444,0.15920679388569448
charlie.evans9,Wholemeal Bread,bakery,Wye Valley Growers,17,4,2025-11-11,0.3,0.24319599297631544,0.935040955179032,0.519933977857402
charlie.evans9,Strawberry Jam,preserves,Mendip Hills Farm,17,3,2025-08-03,0.2,0.2414841259164373,0.7694596432130808,0.45267433283509473
charlie.evans9,Tomatoes,vegetables,Wye Valley Growers,9,3,2025-11-11,0.2,0.13004657813249265,0.7690494268626297,0.38564771762454747
charlie.evans9,Kale,vegetables,Cotswold Fresh,9,2,2025-11-11,0.1,0.1374738832449976,0.7318128717661377,0.37520947865345367
charlie.evans9,Red Onions,vegetables,Mendip Hills Farm,9,3,2025-08-03,0.2,0.13239894816645745,0.675485830817514,0.3496337012268801
charlie.roberts3,Red Onions,vegetables,Cotswold Fresh,30,5,2025-11-08,0.4,0.41926722762146534,0.8561193467893753,0.5940080752886293
charlie.roberts3,Carrots,vegetables,Severn Side Produce,22,5,2025-05-13,0.4,0.30449654127244663,0.9093130495840456,0.5464231445970862
charlie.roberts3,Kale,vegetables,Cotswold Fresh,16,2,2024-12-06,0.1,0.22255318891929768,0.8010337753885207,0.4539454235069869
charlie.roberts3,Leeks,vegetables,Green Valley Farm,20,3,2025-11-08,0.2,0.2676071357310627,0.712424192154601,0.44553395830047804
charlie.roberts3,Whole Milk,dairy,Severn Side Produce,12,3,2025-05-13,0.2,0.18123465758357116,0.8227198058539252,0.4378287168917128
charlie.taylor4,Chutney,preserves,Severn Side Produce,20,5,2025-12-13,0.4,0.28378704072747823,0.8791773376408993,0.5219431594928468
charlie.taylor4,Broccoli,vegetables,Green Valley Farm,22,4,2025-05-09,0.3,0.30396843518914324,0.8284530063563935,0.5137622636560434
charlie.taylor4,Honey,preserves,Green Valley Farm,16,4,2024-11-29,0.3,0.22825154236408715,0.9310966849923146,0.5093895994153781
charlie.taylor4,Whole Milk,dairy,Bristol Organics,11,2,2025-08-23,0.1,0.15650327927321891,0.7929681913993263,0.4110892441236619
charlie.taylor4,Carrots,vegetables,Mendip Hills Farm,13,2,2025-12-13,0.1,0.18676573407210287,0.7163155613491373,0.39858566498291664
charlie.thomas47,Yoghurt,dairy,Mendip Hills Farm,18,4,2025-12-15,0.3,0.2556104789456274,0.8414920124386174,0.4899630923428234
charlie.thomas47,Whole Milk,dairy,Wye Valley Growers,11,3,2025-04-04,0.2,0.16201194346962855,0.9432685994732308,0.47451460587106953
charlie.thomas47,Wholemeal Bread,bakery,Bristol Organics,11,3,2025-07-09,0.2,0.16132323461833334,0.8138773857877368,0.42234489508609474
charlie.thomas47,Potatoes,vegetables,Wye Valley Growers,10,3,2025-06-09,0.2,0.1420737648146778,0.8205047126196934,0.41344614393668405
charlie.thomas47,Cheese,dairy,Wye Valley Growers,10,3,2025-07-09,0.2,0.14754000984221874,0.7617829059828916,0.39323716829848787
charlie.walker38,Whole Milk,dairy,Avon Growers,36,8,2025-12-28,0.7,0.49821912663320467,0.9790584518783215,0.6905548567312514
charlie.walker38,Strawberry Jam,preserves,Severn Side Produce,26,4,2025-11-08,0.3,0.36408709016103985,0.8982694560927461,0.5777600365337224
charlie.walker38,Yoghurt,dairy,River Bend Nursery,22,5,2025-12-28,0.4,0.31111425850982094,0.9690434447688394,0.5742859330134283
charlie.walker38,Wholemeal Bread,bakery,Wye Valley Growers,18,4,2025-07-14,0.3,0.25566390018713403,0.9183686108368778,0.5207457844470316
charlie.walker38,Honey,preserves,Wye Valley Growers,12,4,2025-01-17,0.3,0.17415794109005195,0.7867132641401451,0.41918007031008925
diana.johnson33,Strawberry Jam,preserves,Green Valley Farm,12,5,2025-12-08,0.4,0.17538346312184958,0.9190721955909692,0.4728589561094974
diana.johnson33,Honey,preserves,Green Valley Farm,14,2,2024-10-07,0.1,0.20048696769939367,0.8175235270586465,0.44730159144309484
diana.johnson33,Wholemeal Bread,bakery,Green Valley Farm,7,2,2025-01-02,0.1,0.10748322778290426,0.8243750225527311,0.39423994569083504
diana.johnson33,Yoghurt,dairy,Bristol Organics,5,2,2025-12-08,0.1,0.07958094161404976,0.8512940817770069,0.38826619767923265
diana.johnson33,Carrots,vegetables,Green Valley Farm,7,2,2025-01-18,0.1,0.1035387401481365,0.5575990720088118,0.2851628728924066
diana.smith1,Strawberry Jam,preserves,River Bend Nursery,15,4,2025-07-15,0.3,0.21557512113664326,0.8961164967982672,0.48779167140129287
diana.smith1,Kale,vegetables,Wye Valley Growers,9,2,2025-11-04,0.1,0.14827755039744983,0.8224148840233048,0.4179324838477918
diana.smith1,Whole Milk,dairy,Avon Growers,11,3,2025-11-04,0.2,0.16084914752675708,0.7842929952365303,0.41022668661066636
diana.smith1,Honey,preserves,Bristol Organics,11,2,2025-04-12,0.1,0.15955276037289165,0.7646179242812687,0.4015788259362425
diana.smith1,Cheese,dairy,Wye Valley Growers,9,2,2025-07-15,0.1,0.13675573269334027,0.7214251372932284,0.3706234945332955
diana.williams77,Whole Milk,dairy,Cotswold Fresh,14,3,2025-11-17,0.2,0.20695743090767268,0.8188230915818332,0.4517036951773369
diana.williams77,Leeks,vegetables,Green Valley Farm,16,3,2025-11-10,0.2,0.2208021617342882,0.7412589592499844,0.42898488074056673
diana.williams77,Red Onions,vegetables,Cotswold Fresh,11,1,2025-03-09,0.0,0.15896138542113175,0.6999727983654965,0.3753659505988777
diana.williams77,Broccoli,vegetables,Green Valley Farm,9,2,2025-11-10,0.1,0.14041900842716395,0.5981347954280974,0.32350532322753733
diana.williams77,Tomatoes,vegetables,Bristol Organics,2,1,2025-01-23,0.0,0.043185354855875144,0.5948729193218825,0.26386038064227807
eve.evans54,Chutney,preserves,Bristol Organics,13,5,2025-05-20,0.4,0.188801947950105,0.9323577172989733,0.48622425568965233
eve.evans54,Honey,preserves,Bristol Organics,14,6,2025-07-24,0.5,0.20143835958498268,0.8430863653119063,0.4580975618757522
eve.evans54,Strawberry Jam,preserves,Green Valley Farm,13,3,2025-07-24,0.2,0.18856504663633458,0.817570972546564,0.4401674170004264
eve.evans54,Wholemeal Bread,bakery,Bristol Organics,6,1,2024-01-18,0.0,0.09410015246780354,0.5862586620482205,0.29096355629997034
eve.evans54,Tomatoes,vegetables,Green Valley Farm,3,1,2025-02-24,0.0,0.052380237101261384,0.3450593554871748,0.16945188445562676
eve.johnson27,Broccoli,vegetables,Green Valley Farm,10,2,2025-12-12,0.1,0.14169953498018686,0.7064177134353099,0.36758680636223606
eve.johnson27,Yoghurt,dairy,River Bend Nursery,10,1,2025-12-11,0.0,0.14426114927168152,0.6502686023906604,0.34666413051927314
eve.johnson27,Cheese,dairy,Green Valley Farm,3,2,2025-12-11,0.1,0.05424981785258457,0.7009185843979318,0.31291732447072346
eve.johnson27,Blackberries,fruits,Green Valley Farm,5,1,2024-09-08,0.0,0.08162796369323505,0.5684857296084109,0.2763710700593054
eve.johnson27,Kale,vegetables,Wye Valley Growers,4,1,2024-06-23,0.0,0.07488144744625706,0.5341363454832714,0.25858340666106283
eve.taylor61,Wholemeal Bread,bakery,Bristol Organics,40,11,2025-11-26,1.0,0.554231455271328,0.9767858403057503,0.723253209285097
eve.taylor61,Sourdough Loaf,bakery,Bristol Organics,32,7,2025-11-26,0.6,0.4452181592828181,0.9629022679469988,0.6522918027484904
eve.taylor61,Rhubarb,fruits,Bristol Organics,12,2,2025-03-09,0.1,0.17323219315218485,0.7482625684522459,0.40324434327220926
eve.taylor61,Red Onions,vegetables,Mendip Hills Farm,8,2,2024-12-15,0.1,0.11688115122858175,0.8304852986643273,0.40232281020288
eve.taylor61,Potatoes,vegetables,Bristol Organics,14,3,2025-11-26,0.2,0.19693305651243181,0.5060681859147089,0.3205871082733427
eve.taylor8,Red Onions,vegetables,Cotswold Fresh,35,7,2025-08-16,0.6,0.4860888448212356,0.8377947075144602,0.6267711898985254
eve.taylor8,Tomatoes,vegetables,Wye Valley Growers,25,5,2025-04-04,0.4,0.352349481690528,0.8494178581670184,0.5511768322811241
eve.taylor8,Carrots,vegetables,Wye Valley Growers,20,5,2025-01-31,0.4,0.2838393501637138,0.796934273402565,0.48907731945925426
eve.taylor8,Kale,vegetables,Cotswold Fresh,18,4,2025-10-08,0.3,0.2598031936423464,0.7352346584589476,0.44997577956898693
eve.taylor8,Broccoli,vegetables,Wye Valley Growers,14,4,2025-02-16,0.3,0.20504564130949504,0.7578536020414841,0.4261688256022907
eve.williams39,Sourdough Loaf,bakery,Cotswold Fresh,8,2,2024-05-07,0.1,0.11994732206156818,0.8660228215623346,0.4183775218618747
eve.williams39,Yoghurt,dairy,Severn Side Produce,9,2,2025-09-21,0.1,0.13394404824126702,0.7917499771486707,0.3970664198042285
eve.williams39,Strawberry Jam,preserves,Avon Growers,15,2,2025-05-01,0.1,0.21882703711539778,0.6493154106162352,0.39102238651573273
eve.williams39,Honey,preserves,River Bend Nursery,12,2,2025-05-01,0.1,0.17131821879842493,0.691792824507308,0.37950806108197815
eve.williams39,Wholemeal Bread,bakery,Wye Valley Growers,3,2,2025-10-05,0.1,0.05286694760057555,0.8672197664219095,0.3786080751291091
frank.brown40,Rhubarb,fruits,Cotswold Fresh,30,3,2025-04-08,0.2,0.4212144165440264,0.7571739641437636,0.5555982355839213
frank.brown40,Strawberries,fruits,Green Valley Farm,16,3,2025-07-19,0.2,0.21109204092245393,0.856371412168965,0.46920378942105834
frank.brown40,Raspberries,fruits,Wye Valley Growers,7,2,2024-12-29,0.1,0.07753818882909307,0.8521275834041047,0.38737394665909775
frank.brown40,Strawberry Jam,preserves,Severn Side Produce,9,2,2025-03-18,0.1,0.13456565352941227,0.7272571401459464,0.3716422481760259
frank.brown40,Tomatoes,vegetables,Bristol Organics,8,2,2025-07-19,0.1,0.12542492195560342,0.7265831324824923,0.365888206166359
frank.jones65,Chutney,preserves,Mendip Hills Farm,19,3,2025-03-20,0.2,0.2690338863600627,0.8213880322880022,0.4899755447312385
frank.jones65,Whole Milk,dairy,Mendip Hills Farm,14,4,2025-12-09,0.3,0.19960082041446786,0.9089219538433744,0.4833292737860305
frank.jones65,Sourdough Loaf,bakery,Mendip Hills Farm,11,2,2024-08-18,0.1,0.16193601147495731,0.9147282097174423,0.46305289077195133
frank.jones65,Wholemeal Bread,bakery,Mendip Hills Farm,11,2,2025-03-20,0.1,0.16147462690489736,0.8653564428671244,0.44302735328978826
frank.jones65,Cheese,dairy,Mendip Hills Farm,6,1,2024-02-02,0.0,0.09379795750109285,0.5111076526047829,0.26072183554256884
frank.walker7,Strawberry Jam,preserves,Green Valley Farm,16,3,2024-10-21,0.2,0.22806816496708776,0.8498820249016165,0.47679370894089923
frank.walker7,Honey,preserves,Green Valley Farm,12,3,2025-10-18,0.2,0.1754346843838022,0.9200202142816308,0.4732688963429337
frank.walker7,Chutney,preserves,Green Valley Farm,11,2,2025-05-11,0.1,0.16145791809207305,0.6958798586253134,0.3752266943053692
frank.walker7,Broccoli,vegetables,Severn Side Produce,3,1,2024-03-10,0.0,0.05074217604735696,0.6175087234856673,0.2774487950226811
frank.walker7,Tomatoes,vegetables,Severn Side Produce,1,1,2024-03-10,0.0,0.02543625478433186,0.5446099432041234,0.23310573015224847
frank.wilson18,Chutney,preserves,Wye Valley Growers,24,5,2025-05-27,0.4,0.33725213420280853,0.9439917062621371,0.5799479630265401
frank.wilson18,Honey,preserves,Wye Valley Growers,13,4,2025-05-27,0.3,0.18713530761408775,0.8051870018223751,0.4343559852974027
frank.wilson18,Wholemeal Bread,bakery,Cotswold Fresh,11,1,2024-05-04,0.0,0.16110662309083684,0.7513492561701057,0.3972036763225444
frank.wilson18,Broccoli,vegetables,Wye Valley Growers,9,2,2024-12-16,0.1,0.13231070475170142,0.7261855752445366,0.3698606529488355
frank.wilson18,Tomatoes,vegetables,River Bend Nursery,10,2,2024-12-16,0.1,0.142331786993016,0.6843984936742379,0.3591584696655048
grace.evans58,Rhubarb,fruits,Severn Side Produce,15,3,2025-06-28,0.2,0.21067334809008492,0.8799927669941076,0.478401115651694
grace.evans58,Strawberries,fruits,Green Valley Farm,14,1,2024-06-24,0.0,0.22362836463366134,0.8557304507693255,0.47646919908792706
grace.evans58,Apples,fruits,Bristol Organics,18,3,2025-08-15,0.2,0.2703567593186511,0.7328648717238907,0.45536000428074697
grace.evans58,Whole Milk,dairy,Bristol Organics,10,2,2025-05-04,0.1,0.14462343325856716,0.884972217641976,0.44076294701193075
grace.evans58,Gooseberries,fruits,Cotswold Fresh,16,2,2025-08-15,0.1,0.15427689284290866,0.5174697680136847,0.29955404291121907
grace.jones50,Yoghurt,dairy,Cotswold Fresh,33,6,2025-10-31,0.5,0.45771296630469066,0.9746226959206797,0.6644768581510863
grace.jones50,Whole Milk,dairy,Cotswold Fresh,15,4,2025-10-09,0.3,0.21668633203815577,0.9498771193073662,0.50996264694584
grace.jones50,Strawberry Jam,preserves,Cotswold Fresh,9,3,2025-10-31,0.2,0.13506496634774595,0.8331706145249534,0.4143072256186289
grace.jones50,Cheese,dairy,Severn Side Produce,7,3,2025-10-09,0.2,0.10766882957856946,0.7300538236050712,0.35662282718917016
grace.jones50,Blackberries,fruits,Avon Growers,2,1,2024-08-31,0.0,0.0375683596741002,0.520476179518995,0.23073148761205814
grace.roberts21,Yoghurt,dairy,Wye Valley Growers,8,3,2025-12-23,0.2,0.11928471856807019,0.9226226651410885,0.4406198971972775
grace.roberts21,Rhubarb,fruits,Green Valley Farm,11,2,2024-12-01,0.1,0.16524097900655435,0.818567846122649,0.42657172585299225
grace.roberts21,Red Onions,vegetables,Severn Side Produce,10,4,2025-12-23,0.3,0.14510435694412305,0.7436859419345218,0.38453699094028254
grace.roberts21,Potatoes,vegetables,Green Valley Farm,10,2,2025-03-27,0.1,0.14099183528190648,0.5801606861622259,0.3166593756340343
grace.roberts21,Apples,fruits,Wye Valley Growers,6,2,2024-11-10,0.1,0.07710896086825042,0.6561515355518985,0.3087259907417097
grace.thomas41,Wholemeal Bread,bakery,Severn Side Produce,11,3,2025-02-26,0.2,0.1616142387619233,0.9104349219595018,0.46114251204095474
grace.thomas41,Carrots,vegetables,Severn Side Produce,14,4,2025-09-18,0.3,0.20129837824325159,0.797300500299144,0.43969922706560854
grace.thomas41,Red Onions,vegetables,Cotswold Fresh,15,4,2025-12-30,0.3,0.2181250315700254,0.7262824498709114,0.4213879988903798
grace.thomas41,Tomatoes,vegetables,Cotswold Fresh,10,3,2025-12-30,0.2,0.15087233146726087,0.7379018319266795,0.38568413165102833
grace.thomas41,Potatoes,vegetables,River Bend Nursery,10,3,2025-06-27,0.2,0.154884821965637,0.7311861839759206,0.38540536676975046
grace.thomas48,Yoghurt,dairy,Bristol Organics,17,5,2025-09-16,0.4,0.24322908748452826,0.9862893430722729,0.5404531897196262
grace.thomas48,Spinach,vegetables,Bristol Organics,19,5,2025-09-16,0.4,0.2620699149045877,0.7814699503406943,0.4698299290790304
grace.thomas48,Broccoli,vegetables,River Bend Nursery,17,4,2025-06-10,0.3,0.2492951857523918,0.7910005479359511,0.4659773306258155
grace.thomas48,Whole Milk,dairy,Severn Side Produce,8,3,2024-11-15,0.2,0.12055276924048189,0.9038651348361662,0.43387771547875564
grace.thomas48,Tomatoes,vegetables,Green Valley Farm,6,2,2025-07-31,0.1,0.09910195811377584,0.7309612268873394,0.3518456656232013
grace.walker79,Honey,preserves,Green Valley Farm,10,3,2024-12-31,0.2,0.14760820107745304,0.913180212796447,0.45383700576505065
grace.walker79,Strawberry Jam,preserves,River Bend Nursery,12,3,2025-11-06,0.2,0.17429231858284733,0.8545664250581996,0.44640196117298825
grace.walker79,Sourdough Loaf,bakery,Bristol Organics,3,2,2025-06-27,0.1,0.05357826617128491,0.6916964361434844,0.3088255341601647
grace.walker79,Wholemeal Bread,bakery,Wye Valley Growers,7,2,2025-08-31,0.1,0.10742193615155446,0.5912480927409959,0.30095239878733104
grace.walker79,Rhubarb,fruits,Green Valley Farm,6,1,2024-05-22,0.0,0.08809467937460445,0.5200405073322231,0.26087301055765194
grace.williams34,Cheese,dairy,Cotswold Fresh,27,6,2025-12-30,0.5,0.37796469907280295,0.9437244434403724,0.6042685968198307
grace.williams34,Strawberry Jam,preserves,Cotswold Fresh,21,5,2025-12-30,0.4,0.29886358916255973,0.905798865769573,0.5416376998053651
grace.williams34,Chutney,preserves,Mendip Hills Farm,19,4,2024-12-14,0.3,0.26938116659635586,0.9486413537868478,0.5410852414725527
grace.williams34,Whole Milk,dairy,Cotswold Fresh,11,4,2025-12-30,0.3,0.16202829683014378,0.9257109599495339,0.46750136207789983
grace.williams34,Yoghurt,dairy,Cotswold Fresh,11,5,2024-08-06,0.4,0.16096374097944144,0.9253567329522114,0.46672093776854945
henry.brown14,Strawberry Jam,preserves,Cotswold Fresh,9,3,2025-10-07,0.2,0.13048688979742587,0.8888258332913063,0.433822467194978
henry.brown14,Chutney,preserves,Cotswold Fresh,8,2,2025-10-07,0.1,0.11995584900347564,0.8924209274630609,0.42894188038730974
henry.brown14,Potatoes,vegetables,Green Valley Farm,9,2,2024-09-27,0.1,0.15081447589973448,0.7260727172720725,0.3809177724486697
henry.brown14,Kale,vegetables,Mendip Hills Farm,9,2,2024-10-23,0.1,0.11200104822581185,0.7436646374247413,0.36466648390538364
henry.brown14,Courgettes,vegetables,Avon Growers,12,2,2024-06-07,0.1,0.07081423274049284,0.7083714772583897,0.3258371305476516
henry.davies74,Sourdough Loaf,bakery,River Bend Nursery,15,3,2024-09-28,0.2,0.21695506409367563,0.8921786777662754,0.48704450956271556
henry.davies74,Cheese,dairy,Green Valley Farm,14,3,2025-10-19,0.2,0.20339384262788826,0.7878502773078485,0.4371764164998724
henry.davies74,Strawberries,fruits,River Bend Nursery,6,2,2025-05-31,0.1,0.07140576147979438,0.7188865402192741,0.33039807297558627
henry.davies74,Kale,vegetables,Green Valley Farm,5,1,2024-01-02,0.0,0.08706304803691055,0.6580585756474469,0.3154612590811251
henry.davies74,Blackberries,fruits,River Bend Nursery,6,2,2024-09-28,0.1,0.10209744845581634,0.5716224278098249,0.28990744019741976
henry.johnson19,Chutney,preserves,Green Valley Farm,16,2,2025-10-07,0.1,0.22933660107659304,0.969695626706038,0.525480211328371
henry.johnson19,Strawberry Jam,preserves,Severn Side Produce,6,4,2025-10-07,0.3,0.09441199026517712,0.893970171069768,0.4142352625870135
henry.johnson19,Honey,preserves,Avon Growers,12,2,2025-09-01,0.1,0.17445342388738544,0.7276196396151894,0.39571991017850705
henry.johnson19,Wholemeal Bread,bakery,Avon Growers,7,2,2025-10-07,0.1,0.10682020697476557,0.7815752758214396,0.3767222345134352
henry.johnson19,Cheese,dairy,Severn Side Produce,5,1,2025-03-31,0.0,0.080123869830837,0.690587421137392,0.324309290353459
henry.jones55,Yoghurt,dairy,Bristol Organics,8,3,2025-10-24,0.2,0.12312643910334221,0.888137666151724,0.4291309299226949
henry.jones55,Leeks,vegetables,Bristol Organics,13,3,2025-09-02,0.2,0.19305200091893548,0.7549176467480253,0.41779825925057146
henry.jones55,Potatoes,vegetables,Bristol Organics,7,4,2025-09-02,0.3,0.10948051457206896,0.7987432201399856,0.38518559679923564
henry.jones55,Cheese,dairy,Mendip Hills Farm,9,2,2025-06-04,0.1,0.13647803748971588,0.5414554189622759,0.2984689900787399
henry.jones55,Courgettes,vegetables,Mendip Hills Farm,4,2,2025-06-04,0.1,0.03429688556978341,0.6613702504337211,0.2851262315153585
henry.roberts45,Wholemeal Bread,bakery,Green Valley Farm,32,6,2025-07-12,0.5,0.4463920183824883,0.9973669609528054,0.6667819954106151
henry.roberts45,Chutney,preserves,River Bend Nursery,20,5,2025-07-12,0.4,0.28326346034904554,0.9365301562945395,0.5445701387272431
henry.roberts45,Strawberry Jam,preserves,Green Valley Farm,15,7,2025-12-28,0.6,0.21163325085981202,0.9038448252528255,0.4885178806170174
henry.roberts45,Honey,preserves,Wye Valley Growers,18,4,2025-12-28,0.3,0.2595945867623901,0.7575699504573542,0.45878473224037575
henry.roberts45,Yoghurt,dairy,Mendip Hills Farm,4,1,2024-03-10,0.0,0.0699174546839124,0.7344558487503177,0.33573281231047447
henry.smith37,Rhubarb,fruits,Cotswold Fresh,27,5,2025-03-24,0.4,0.37642807922727445,0.8769280473657173,0.5766280664826515
henry.smith37,Blackberries,fruits,Green Valley Farm,14,2,2025-09-02,0.1,0.17454947412698288,0.8893874677562196,0.4604846715786776
henry.smith37,Red Onions,vegetables,Wye Valley Growers,12,2,2025-12-03,0.1,0.18062753656414385,0.768287366375254,0.4156914684885879
henry.smith37,Strawberries,fruits,Green Valley Farm,9,2,2025-08-10,0.1,0.13686715879809683,0.7571865676071132,0.3849949223217034
henry.smith37,Gooseberries,fruits,Green Valley Farm,9,2,2025-08-10,0.1,0.1254403497649289,0.6841013008200727,0.3489047301869864
henry.taylor53,Cheese,dairy,River Bend Nursery,50,8,2025-08-15,0.7,0.6895011369221163,0.9915940974230453,0.8103383211224879
henry.taylor53,Whole Milk,dairy,Bristol Organics,30,5,2025-09-27,0.4,0.419495521728369,0.8822319766852371,0.6045901037111163
henry.taylor53,Yoghurt,dairy,River Bend Nursery,15,4,2025-05-11,0.3,0.21414588775571244,0.931289891147534,0.5010034891124411
henry.taylor53,Honey,preserves,Cotswold Fresh,6,3,2025-01-08,0.2,0.09297900017892062,0.9065369482344026,0.41840217940111346
henry.taylor53,Sourdough Loaf,bakery,Wye Valley Growers,9,2,2025-08-15,0.1,0.13186995893307857,0.45171124671905005,0.25980647404746715
henry.williams2,Strawberry Jam,preserves,Mendip Hills Farm,26,6,2025-12-20,0.5,0.3628615198599388,0.8965479583347973,0.5763360952498823
henry.williams2,Honey,preserves,Mendip Hills Farm,20,5,2025-12-20,0.4,0.28666461273809807,0.9100179369574397,0.5360059424258348
henry.williams2,Kale,vegetables,Mendip Hills Farm,11,3,2025-12-20,0.2,0.15754614144932136,0.7500586571688675,0.39455114773713984
henry.williams2,Pears,fruits,Severn Side Produce,8,2,2025-08-02,0.1,0.09262443155972595,0.5939178834706029,0.29314181232407677
henry.williams2,Chutney,preserves,Mendip Hills Farm,5,2,2025-07-06,0.1,0.07811061878649092,0.5918877981649676,0.2836214905378816
henry.williams57,Whole Milk,dairy,Green Valley Farm,37,7,2025-11-02,0.6,0.5155838745804551,0.9430744176232125,0.686580091797558
henry.williams57,Cheese,dairy,River Bend Nursery,32,7,2025-10-19,0.6,0.44624460890103956,0.965382062810428,0.6538995904647951
henry.williams57,Yoghurt,dairy,River Bend Nursery,18,5,2025-10-19,0.4,0.2536673106147493,0.910822227815119,0.5165292774948972
henry.williams57,Rhubarb,fruits,Severn Side Produce,12,3,2025-05-15,0.2,0.18168306034648282,0.6636868330067768,0.3744845694106004
henry.williams57,Kale,vegetables,Green Valley Farm,6,2,2025-02-28,0.1,0.10449500725709837,0.6274278533736075,0.31366814570370205
henry.wilson6,Tomatoes,vegetables,Avon Growers,8,1,2024-12-21,0.0,0.11767364436322932,0.805958251940508,0.3929874873941408
henry.wilson6,Apples,fruits,Avon Growers,12,2,2024-12-21,0.1,0.13115080406266982,0.772073276305396,0.38751979295976036
henry.wilson6,Strawberry Jam,preserves,River Bend Nursery,4,1,2024-04-03,0.0,0.07076613434552291,0.8267371380507783,0.3731545358276251
henry.wilson6,Whole Milk,dairy,Avon Growers,6,1,2024-12-21,0.0,0.09546878403291886,0.7366925278240406,0.3519582815493676
henry.wilson6,Strawberries,fruits,Green Valley Farm,4,1,2024-06-09,0.0,0.08402957308954866,0.6609844359509442,0.3148115182341069
isla.evans70,Chutney,preserves,Wye Valley Growers,22,4,2025-10-01,0.3,0.3115680675268519,0.9157874758038964,0.5532558308376697
isla.evans70,Carrots,vegetables,Wye Valley Growers,10,2,2025-12-01,0.1,0.14651670696264485,0.7562613715714145,0.3904145728061527
isla.evans70,Honey,preserves,Wye Valley Growers,6,2,2024-06-20,0.1,0.0901324548612521,0.785351021636733,0.3682198815714445
isla.evans70,Spinach,vegetables,Bristol Organics,9,2,2025-09-09,0.1,0.13082616638041009,0.6965350425561431,0.3571097168507033
isla.evans70,Potatoes,vegetables,Wye Valley Growers,11,4,2025-12-01,0.3,0.16693057932638045,0.609840071207186,0.3440943760787027
isla.thomas32,Whole Milk,dairy,Bristol Organics,17,1,2024-04-14,0.0,0.24243953201604831,0.9800361457441696,0.5374781775072969
isla.thomas32,Cheese,dairy,Cotswold Fresh,17,4,2024-12-24,0.3,0.24408959066041613,0.9166411261360647,0.5131102048506756
isla.thomas32,Yoghurt,dairy,Mendip Hills Farm,15,3,2025-10-11,0.2,0.2136933935821147,0.8041596144928284,0.44987988194640016
isla.thomas32,Red Onions,vegetables,Mendip Hills Farm,9,3,2025-10-11,0.2,0.12369201636175975,0.6763081128658953,0.34473845496341393
isla.thomas32,Leeks,vegetables,Cotswold Fresh,9,2,2025-02-20,0.1,0.14148813403091645,0.641373072718163,0.3414421095058151
isla.walker24,Cheese,dairy,Severn Side Produce,23,6,2025-11-29,0.5,0.32425849877266555,0.8899962540049968,0.550553600865598
isla.walker24,Wholemeal Bread,bakery,Severn Side Produce,18,2,2025-05-14,0.1,0.2561038350677473,0.9132024470462924,0.5189432798591653
isla.walker24,Yoghurt,dairy,Severn Side Produce,15,4,2025-03-22,0.3,0.21588756347179971,0.9148609540259461,0.4954769196934583
isla.walker24,Whole Milk,dairy,Bristol Organics,6,3,2025-11-29,0.2,0.09227231568512285,0.8850756078650054,0.4093936325570759
isla.walker24,Chutney,preserves,Green Valley Farm,11,2,2025-11-29,0.1,0.16043255670034712,0.7171879811595319,0.383134726484021
isla.williams23,Wholemeal Bread,bakery,Cotswold Fresh,25,4,2025-10-30,0.3,0.35094500576016613,0.9299164483646774,0.5825335828019707
isla.williams23,Sourdough Loaf,bakery,Green Valley Farm,15,4,2025-10-30,0.3,0.21556932909797785,0.8036481432416248,0.45080085475543663
isla.williams23,Potatoes,vegetables,Mendip Hills Farm,7,2,2025-10-21,0.1,0.10400905741016388,0.4725318644766145,0.2514181802367441
isla.williams23,Carrots,vegetables,Cotswold Fresh,5,1,2024-02-15,0.0,0.08159868033322173,0.48970178508435286,0.2448399222336742
isla.williams23,Tomatoes,vegetables,Cotswold Fresh,3,1,2025-01-05,0.0,0.051343196497797804,0.42262338791626103,0.1998552730651831
jack.evans31,Cheese,dairy,River Bend Nursery,21,5,2025-07-06,0.4,0.29730964231188983,0.9895301009057965,0.5741978257494526
jack.evans31,Sourdough Loaf,bakery,Cotswold Fresh,9,1,2024-03-04,0.0,0.13279748585031007,0.9261021288368625,0.45011934304493106
jack.evans31,Whole Milk,dairy,Green Valley Farm,10,2,2025-07-06,0.1,0.1432813315458357,0.48846900154974116,0.2813563995473979
jack.evans31,Courgettes,vegetables,Cotswold Fresh,5,2,2025-05-26,0.1,0.028797263330265045,0.5741553123440175,0.24694048293576604
jack.evans31,Broccoli,vegetables,Cotswold Fresh,6,1,2024-06-23,0.0,0.0965421934109157,0.30648156372639457,0.18051794153710726
jack.evans60,Potatoes,vegetables,Cotswold Fresh,22,4,2025-07-20,0.3,0.3142933221281394,0.8888668504890805,0.5441227334725158
jack.evans60,Broccoli,vegetables,Cotswold Fresh,15,4,2025-07-20,0.3,0.21633024954991928,0.9263567444308841,0.5003408475023052
jack.evans60,Kale,vegetables,Mendip Hills Farm,13,4,2025-03-06,0.3,0.1613137070325753,0.8874651898379967,0.4517743001547439
jack.evans60,Leeks,vegetables,Mendip Hills Farm,18,3,2025-12-28,0.2,0.25943530949694055,0.7015972647492597,0.4363000915978682
jack.evans60,Honey,preserves,Avon Growers,5,2,2025-03-06,0.1,0.0782978868753196,0.8020625785938017,0.3678037635627125
karen.brown69,Sourdough Loaf,bakery,Avon Growers,15,5,2025-10-25,0.4,0.2162860686246333,0.9490541478337257,0.5093933003082702
karen.brown69,Carrots,vegetables,Severn Side Produce,15,3,2025-06-02,0.2,0.21953644235346415,0.8957635470505021,0.4900272842322793
karen.brown69,Red Onions,vegetables,Mendip Hills Farm,9,3,2025-06-18,0.2,0.12948559832120113,0.8186568407220846,0.4051540952815545
karen.brown69,Strawberry Jam,preserves,Mendip Hills Farm,5,2,2024-03-21,0.1,0.08210343760918867,0.7898911417661764,0.36521851927198373
karen.brown69,Tomatoes,vegetables,Mendip Hills Farm,9,3,2025-05-10,0.2,0.13310226414782592,0.6801089050852327,0.35190492052278866
karen.jones71,Yoghurt,dairy,Bristol Organics,57,8,2025-12-02,0.7,0.7837784805553604,0.9831463081122123,0.8635256115781011
karen.jones71,Cheese,dairy,Green Valley Farm,31,6,2025-12-02,0.5,0.4323807659992609,0.9783604102256687,0.650772623689824
karen.jones71,Whole Milk,dairy,Bristol Organics,31,6,2025-12-02,0.5,0.43078266808985183,0.9076067172114494,0.6215122877384909
karen.jones71,Sourdough Loaf,bakery,River Bend Nursery,7,2,2024-07-03,0.1,0.10506754406696811,0.9239359713990979,0.4326149149998201
karen.jones71,Wholemeal Bread,bakery,Avon Growers,6,1,2024-09-15,0.0,0.09506621330326712,0.2440409892471248,0.1546561236808102
leo.davies16,Chutney,preserves,Green Valley Farm,38,11,2025-11-28,1.0,0.5260091503422126,0.9692217029713273,0.7032941713938585
leo.davies16,Yoghurt,dairy,Avon Growers,35,7,2025-11-28,0.6,0.4848695790075939,0.9875784773897094,0.6859531383604401
leo.davies16,Cheese,dairy,Green Valley Farm,18,4,2025-01-27,0.3,0.2551626466781933,0.9220917585545717,0.5219342914287447
leo.davies16,Whole Milk,dairy,Wye Valley Growers,17,4,2025-09-08,0.3,0.24490100040363147,0.8746950567033015,0.4968186229234995
leo.davies16,Honey,preserves,Green Valley Farm,21,4,2025-10-22,0.3,0.2962329734766771,0.7377486233706767,0.4728392334342769
mia.brown15,Whole Milk,dairy,Avon Growers,16,4,2025-12-27,0.3,0.23271428165500507,0.9856121427938941,0.5338734261105607
mia.brown15,Tomatoes,vegetables,Green Valley Farm,18,5,2025-12-14,0.4,0.2541099750370027,0.9182157509525961,0.5197522854032401
mia.brown15,Carrots,vegetables,Cotswold Fresh,14,4,2025-12-27,0.3,0.20373769833766817,0.9225493030443787,0.4912623402203524
mia.brown15,Potatoes,vegetables,Wye Valley Growers,19,6,2025-12-27,0.5,0.26009470058640644,0.7954391579770208,0.47423248354265224
mia.brown15,Red Onions,vegetables,Avon Growers,11,4,2025-04-24,0.3,0.15871530658445868,0.9242297564383483,0.46492108652601455
mia.davies25,Cheese,dairy,Mendip Hills Farm,51,8,2025-05-19,0.7,0.699657818884865,0.9669980544342851,0.8065939131046331
mia.davies25,Yoghurt,dairy,Mendip Hills Farm,45,8,2025-05-19,0.7,0.6226554041179359,0.9852307878103521,0.7676855575949024
mia.davies25,Whole Milk,dairy,Green Valley Farm,37,7,2025-05-19,0.6,0.5140442751133026,0.9923251735912382,0.7053566345044768
mia.davies25,Red Onions,vegetables,Mendip Hills Farm,5,2,2025-03-31,0.1,0.08481150590068257,0.6677505053579718,0.3179871056835982
mia.davies25,Chutney,preserves,Mendip Hills Farm,8,2,2024-12-12,0.1,0.12018478117311092,0.5826922451720885,0.305187766772702
mia.johnson42,Blackberries,fruits,Severn Side Produce,16,4,2025-07-19,0.3,0.24331082363398568,0.8236354294337876,0.4754406659539065
mia.johnson42,Raspberries,fruits,Severn Side Produce,14,3,2025-07-19,0.2,0.16121713716864353,0.7823244345598656,0.4096600561251324
mia.johnson42,Apples,fruits,River Bend Nursery,7,2,2024-12-01,0.1,0.09989298194006423,0.8061746892405731,0.3824056648602678
mia.johnson42,Courgettes,vegetables,River Bend Nursery,9,2,2024-12-01,0.1,0.11077522875034741,0.6659528629172807,0.3328462824171208
mia.johnson42,Strawberries,fruits,Green Valley Farm,6,2,2025-08-24,0.1,0.09001741251161233,0.6939276452760218,0.3315815056173761
mia.jones66,Carrots,vegetables,Wye Valley Growers,18,4,2025-10-01,0.3,0.2517005316181944,0.8652225639037101,0.49710934453240074
mia.jones66,Tomatoes,vegetables,River Bend Nursery,15,3,2025-12-31,0.2,0.21818223341573648,0.857089595311592,0.4737451781740787
mia.jones66,Rhubarb,fruits,Severn Side Produce,9,2,2025-04-26,0.1,0.12724752014929477,0.7340006565029851,0.3699487746907709
mia.jones66,Broccoli,vegetables,Wye Valley Growers,13,2,2025-12-31,0.1,0.18848257186280018,0.5821267505711101,0.34594024334612417
mia.jones66,Potatoes,vegetables,Severn Side Produce,3,2,2025-04-26,0.1,0.06342858902382635,0.7161413287182824,0.3245136849016088
mia.smith59,Carrots,vegetables,Green Valley Farm,20,4,2025-11-17,0.3,0.2834830805872714,0.8949904598326938,0.5280860322854404
mia.smith59,Sourdough Loaf,bakery,Bristol Organics,9,2,2024-03-13,0.1,0.13299945700462104,0.92390845926116,0.4493630579072367
mia.smith59,Whole Milk,dairy,Cotswold Fresh,9,3,2025-12-25,0.2,0.1326014708611483,0.869311844549252,0.4272856203363898
mia.smith59,Red Onions,vegetables,Cotswold Fresh,11,3,2025-11-20,0.2,0.1605838236953364,0.6884423709697749,0.3717272426051118
mia.smith59,Wholemeal Bread,bakery,Green Valley Farm,4,1,2024-07-01,0.0,0.06777957487681374,0.7515553649966569,0.34128989092475104
noah.evans51,Tomatoes,vegetables,Bristol Organics,12,3,2025-12-03,0.2,0.1687879342673644,0.6863393054420427,0.37580848273723577
noah.evans51,Strawberries,fruits,River Bend Nursery,10,1,2024-07-17,0.0,0.12143082842867112,0.7533113011999386,0.37418301753717814
noah.evans51,Potatoes,vegetables,Bristol Organics,7,2,2025-03-23,0.1,0.10381794042296202,0.7120856970387656,0.34712504306928343
noah.evans51,Whole Milk,dairy,Bristol Organics,7,2,2025-12-03,0.1,0.1063974477478915,0.7036474520660329,0.345297449475148
noah.evans51,Red Onions,vegetables,Mendip Hills Farm,7,1,2024-01-08,0.0,0.10185341573458373,0.6451341544124904,0.3191657112057464
noah.johnson68,Kale,vegetables,Green Valley Farm,23,5,2025-12-25,0.4,0.32557107294480636,0.8852098532938807,0.5494265850844361
noah.johnson68,Raspberries,fruits,Green Valley Farm,8,3,2024-08-02,0.2,0.1262353687867654,0.838580881537815,0.41117357388718523
noah.johnson68,Yoghurt,dairy,Bristol Organics,5,1,2024-08-02,0.0,0.0833084022101049,0.8882581910190926,0.4052883177337
noah.johnson68,Leeks,vegetables,Cotswold Fresh,9,2,2025-12-01,0.1,0.14589597638948038,0.7285798257614283,0.3789695161382595
noah.johnson68,Carrots,vegetables,Bristol Organics,3,2,2025-08-13,0.1,0.0518835804011587,0.6708307204269396,0.2994624364114711
peter.evans22,Kale,vegetables,Severn Side Produce,26,6,2025-09-07,0.5,0.36395653788864457,0.9179683319942454,0.5855612555308849
peter.evans22,Tomatoes,vegetables,Severn Side Produce,19,3,2025-08-13,0.2,0.26484528361558224,0.6369349170675823,0.4136811369963823
peter.evans22,Spinach,vegetables,Green Valley Farm,12,2,2025-09-07,0.1,0.18801389362392576,0.6724168434584521,0.3817750735577363
peter.evans22,Broccoli,vegetables,Severn Side Produce,9,2,2025-02-16,0.1,0.12904545343583435,0.600679927930396,0.31769924323365906
peter.evans22,Butternut Squash,vegetables,Cotswold Fresh,9,2,2025-09-07,0.1,0.11198753611172196,0.4340253270264921,0.24080265247763
peter.jones26,Yoghurt,dairy,Mendip Hills Farm,26,6,2025-04-10,0.5,0.36544761994357683,0.95390448255097,0.6008303649865342
peter.jones26,Whole Milk,dairy,Wye Valley Growers,19,4,2025-10-28,0.3,0.2686365336799521,0.9367738642175291,0.5358914658949829
peter.jones26,Cheese,dairy,Mendip Hills Farm,15,4,2024-04-23,0.3,0.2150602800754502,0.9298673886579654,0.5009831235084563
peter.jones26,Wholemeal Bread,bakery,Wye Valley Growers,7,2,2024-04-04,0.1,0.10742048416627917,0.8125325000521093,0.3894652905206113
peter.jones26,Rhubarb,fruits,Mendip Hills Farm,9,3,2024-04-03,0.2,0.12955676967402271,0.6231514534820348,0.32699464319722754
peter.taylor49,Wholemeal Bread,bakery,Mendip Hills Farm,29,7,2025-11-20,0.6,0.40287117819401025,0.9699249551374466,0.6296926889713848
peter.taylor49,Strawberries,fruits,Mendip Hills Farm,20,3,2025-07-30,0.2,0.2662393164556529,0.8228330009610001,0.48887679025779185
peter.taylor49,Whole Milk,dairy,River Bend Nursery,11,2,2024-06-13,0.1,0.16213247357663757,0.9615313541955005,0.4818920258241828
peter.taylor49,Sourdough Loaf,bakery,Green Valley Farm,5,2,2025-11-20,0.1,0.0819614607974501,0.8595597530761866,0.39300077770894476
peter.taylor49,Rhubarb,fruits,Green Valley Farm,4,1,2024-04-13,0.0,0.06543269863440318,0.8498936876998351,0.379217094260576
quinn.brown29,Whole Milk,dairy,Wye Valley Growers,8,2,2025-08-28,0.1,0.11870905427801949,0.9301310979592606,0.443277871750516
quinn.brown29,Rhubarb,fruits,Mendip Hills Farm,12,1,2024-03-17,0.0,0.17451395817470347,0.7102253071656425,0.3887984977710791
quinn.brown29,Honey,preserves,Mendip Hills Farm,3,1,2024-03-17,0.0,0.05139595664399675,0.7745644236784668,0.34066334345778476
quinn.brown29,Blackberries,fruits,Wye Valley Growers,8,1,2024-07-22,0.0,0.11296411678278455,0.6268460572487252,0.31851689296916086
quinn.brown29,Strawberries,fruits,Wye Valley Growers,9,2,2025-08-28,0.1,0.12441107135463489,0.587987799922972,0.30984176278196973
quinn.brown73,Whole Milk,dairy,Green Valley Farm,12,5,2025-09-19,0.4,0.17451829066571536,0.948421848607061,0.4840797138422537
quinn.brown73,Sourdough Loaf,bakery,Avon Growers,11,3,2025-09-19,0.2,0.1615951864923757,0.9395047429894042,0.4727590090911872
quinn.brown73,Yoghurt,dairy,Avon Growers,10,2,2025-09-19,0.1,0.148559545124611,0.7452675249353325,0.3872427370488996
quinn.brown73,Cheese,dairy,Wye Valley Growers,9,2,2025-07-31,0.1,0.1345031139862167,0.7363584172871533,0.3752452353065914
quinn.brown73,Kale,vegetables,River Bend Nursery,6,1,2024-11-07,0.0,0.08724731077254379,0.5011516098140691,0.2528090303891539
quinn.smith35,Honey,preserves,Bristol Organics,18,4,2025-12-15,0.3,0.2532831412912426,0.8148844723044792,0.47792367369653727
quinn.smith35,Yoghurt,dairy,Bristol Organics,8,2,2025-12-15,0.1,0.12058492266590351,0.9529655325960079,0.4535371666379453
quinn.smith35,Wholemeal Bread,bakery,River Bend Nursery,9,3,2025-08-22,0.2,0.13506647888813392,0.8986443669887416,0.44049763412837706
quinn.smith35,Sourdough Loaf,bakery,Severn Side Produce,6,3,2024-07-02,0.2,0.0927351793424363,0.9322026476132841,0.4285221666507754
quinn.smith35,Chutney,preserves,Severn Side Produce,8,4,2025-02-23,0.3,0.12198781052498256,0.883029625785281,0.42640453662910194
quinn.williams64,Strawberry Jam,preserves,Severn Side Produce,12,3,2025-12-02,0.2,0.1782100509617956,0.8258672571652774,0.43727293344318835
quinn.williams64,Honey,preserves,Severn Side Produce,13,3,2025-10-16,0.2,0.18843863697364618,0.7600221710231619,0.4170720505934525
quinn.williams64,Sourdough Loaf,bakery,Mendip Hills Farm,2,2,2025-10-16,0.1,0.04101443703954267,0.842528874742619,0.3616202121207732
quinn.williams64,Yoghurt,dairy,Mendip Hills Farm,8,2,2025-12-02,0.1,0.11993836671610748,0.6573175855496183,0.3348900542495118
quinn.williams64,Rhubarb,fruits,River Bend Nursery,4,1,2025-03-24,0.0,0.07518154899961574,0.4814521422269192,0.2376897862905371
quinn.wilson43,Whole Milk,dairy,Mendip Hills Farm,34,6,2025-09-19,0.5,0.4700955427949795,1.0,0.6820573256769877
quinn.wilson43,Wholemeal Bread,bakery,Mendip Hills Farm,18,4,2025-08-01,0.3,0.2558792692657987,0.9556475408595277,0.5357865779032903
quinn.wilson43,Sourdough Loaf,bakery,Green Valley Farm,16,3,2025-01-04,0.2,0.23037630251099037,0.9677261375826087,0.5253162365396378
quinn.wilson43,Yoghurt,dairy,Avon Growers,18,5,2025-06-03,0.4,0.25809272525052196,0.9140934202562757,0.5204930032528234
quinn.wilson43,Cheese,dairy,Avon Growers,13,3,2025-09-19,0.2,0.18754151647964495,0.76509389605972,0.418562468311675
quinn.wilson80,Potatoes,vegetables,Avon Growers,9,2,2025-04-16,0.1,0.13302564290709593,0.8257000285627575,0.41009539716936055
quinn.wilson80,Red Onions,vegetables,Bristol Organics,8,2,2025-10-10,0.1,0.11596155773165222,0.6595818842889193,0.3334096883545591
quinn.wilson80,Butternut Squash,vegetables,Severn Side Produce,9,2,2025-10-10,0.1,0.0672274919201833,0.6398223172198276,0.296265422040041
quinn.wilson80,Chutney,preserves,Avon Growers,7,2,2025-04-16,0.1,0.10558716658068112,0.5626927202113163,0.2884293880329352
quinn.wilson80,Kale,vegetables,Green Valley Farm,7,3,2025-10-10,0.2,0.11746240743340039,0.5384115722335191,0.2858420733534479
rachel.brown12,Cheese,dairy,Bristol Organics,31,5,2025-06-03,0.4,0.43090498145392864,0.9034208057315235,0.6199113111649666
rachel.brown12,Whole Milk,dairy,River Bend Nursery,25,4,2025-11-12,0.3,0.3470590587145582,0.9703985897422737,0.5963948711256444
rachel.brown12,Sourdough Loaf,bakery,River Bend Nursery,12,3,2025-09-21,0.2,0.17847118962027017,0.9369916617556481,0.48187937847442136
rachel.brown12,Wholemeal Bread,bakery,River Bend Nursery,19,4,2025-11-12,0.3,0.2686908871523576,0.6995766732263716,0.44104520158196325
rachel.brown12,Apples,fruits,Green Valley Farm,8,2,2025-09-21,0.1,0.10490795233377928,0.6521278503440002,0.32379591153786763
rachel.brown30,Tomatoes,vegetables,Wye Valley Growers,18,3,2025-03-25,0.2,0.2568504304845855,0.8979616050927529,0.5132949003278525
rachel.brown30,Wholemeal Bread,bakery,Wye Valley Growers,15,3,2025-08-09,0.2,0.2140817382620036,0.8776726206796533,0.4795180912290635
rachel.brown30,Sourdough Loaf,bakery,Green Valley Farm,10,2,2025-01-22,0.1,0.15054937198207713,0.8671706568208762,0.4371978859175968
rachel.brown30,Carrots,vegetables,Green Valley Farm,13,4,2025-07-01,0.3,0.1853428654454131,0.7733663776979557,0.42055227034643017
rachel.brown30,Kale,vegetables,Green Valley Farm,13,3,2025-06-28,0.2,0.17703589023898755,0.7434263145817172,0.4035920599760794
rachel.jones11,Kale,vegetables,Wye Valley Growers,13,2,2025-01-12,0.1,0.18615676126594058,0.8820943420958441,0.46453179359790203
rachel.jones11,Rhubarb,fruits,Bristol Organics,13,2,2025-06-25,0.1,0.1791027422776597,0.8775930176768075,0.45849885243731886
rachel.jones11,Tomatoes,vegetables,Wye Valley Growers,6,2,2025-01-12,0.1,0.09914322991946668,0.68446568974563,0.33327221384993205
rachel.jones11,Raspberries,fruits,Bristol Organics,9,2,2025-06-25,0.1,0.10682893205124262,0.6690489260022703,0.33171692963165367
rachel.jones11,Plums,fruits,Bristol Organics,5,2,2025-08-09,0.1,0.046003428795603256,0.6362829689105793,0.28211524484159367
rachel.walker75,Honey,preserves,Cotswold Fresh,33,7,2025-11-09,0.6,0.45818323573938247,0.901560277486746,0.635534052438328
rachel.walker75,Chutney,preserves,Cotswold Fresh,33,8,2025-11-09,0.7,0.4588776823366056,0.8756493481658663,0.6255863486683099
rachel.walker75,Whole Milk,dairy,River Bend Nursery,15,3,2025-11-09,0.2,0.21434945379307083,0.9894423448880675,0.5243866102310695
rachel.walker75,Strawberry Jam,preserves,Cotswold Fresh,19,5,2025-10-22,0.4,0.2706665283839616,0.9004095971662145,0.5225637558968628
rachel.walker75,Red Onions,vegetables,Avon Growers,10,2,2025-07-09,0.1,0.14684293380788255,0.632042016604425,0.3409225669264996
rachel.williams78,Wholemeal Bread,bakery,Cotswold Fresh,73,11,2025-11-17,1.0,1.0,0.9698745333784887,0.9879498133513955
rachel.williams78,Sourdough Loaf,bakery,River Bend Nursery,37,10,2025-11-17,0.9,0.5113169623066475,0.94331246717469,0.6841151642538645
rachel.williams78,Red Onions,vegetables,Cotswold Fresh,11,3,2025-01-05,0.2,0.16131717165044565,0.8606244206569631,0.44104007125305267
rachel.williams78,Strawberry Jam,preserves,Cotswold Fresh,6,2,2025-06-11,0.1,0.09475648813007832,0.5332034529560831,0.2701352740604802
rachel.williams78,Chutney,preserves,Cotswold Fresh,3,1,2025-01-05,0.0,0.054529381216818766,0.24150780925835283,0.12932075243343238
sam.jones72,Honey,preserves,Severn Side Produce,30,4,2025-04-19,0.3,0.41687723034432966,0.949838764682295,0.6300618440795158
sam.jones72,Chutney,preserves,Cotswold Fresh,28,5,2025-06-25,0.4,0.3918889085084594,0.9141697143613471,0.6008012308496145
sam.jones72,Strawberry Jam,preserves,Cotswold Fresh,18,3,2025-06-25,0.2,0.25632388180320476,0.8796628746761036,0.5056594789523643
sam.jones72,Yoghurt,dairy,Cotswold Fresh,8,2,2025-06-25,0.1,0.12015707176756203,0.5504956763706275,0.2922925136087882
sam.jones72,Broccoli,vegetables,Severn Side Produce,5,1,2024-02-11,0.0,0.07637192317951945,0.48797590620198816,0.24101351638850693
sam.roberts67,Broccoli,vegetables,River Bend Nursery,22,5,2025-11-03,0.4,0.30446665069853407,0.9094381323803038,0.546455243371242
sam.roberts67,Whole Milk,dairy,Cotswold Fresh,11,2,2025-04-05,0.1,0.15993325730551122,0.9918334289568388,0.49269332596604226
sam.roberts67,Red Onions,vegetables,Avon Growers,14,2,2025-09-30,0.1,0.1999043027113982,0.8620389972518591,0.46475818052758255
sam.roberts67,Leeks,vegetables,River Bend Nursery,7,2,2025-02-19,0.1,0.1105100275075404,0.8168341127821874,0.3930396616173992
sam.roberts67,Cheese,dairy,Cotswold Fresh,4,1,2024-04-16,0.0,0.06872726891828508,0.7814150562323221,0.3538023838438999
sam.taylor13,Wholemeal Bread,bakery,Avon Growers,19,3,2025-12-04,0.2,0.2674163342260727,0.7987327220749405,0.47994288936561985
sam.taylor13,Rhubarb,fruits,Green Valley Farm,14,3,2025-03-30,0.2,0.21506622825346594,0.847348462133187,0.4679791218053544
sam.taylor13,Sourdough Loaf,bakery,Mendip Hills Farm,7,2,2025-08-30,0.1,0.10868878360180885,0.7834972880880754,0.37861218539631547
sam.taylor13,Raspberries,fruits,Mendip Hills Farm,7,2,2025-08-30,0.1,0.09830715782909313,0.5218981150087949,0.26774354070097384
sam.taylor13,Pears,fruits,Mendip Hills Farm,13,2,2025-10-04,0.1,0.13617332661764747,0.4582253800948616,0.2649941480085331
sam.walker62,Yoghurt,dairy,Avon Growers,16,4,2025-09-16,0.3,0.22798746414739166,0.9811644308570682,0.5292582508312623
sam.walker62,Wholemeal Bread,bakery,Green Valley Farm,17,3,2025-09-16,0.2,0.24171956635251982,0.8029196699799371,0.4661996078034868
sam.walker62,Whole Milk,dairy,Cotswold Fresh,7,2,2024-07-01,0.1,0.10970375091663535,0.915073417888964,0.43185161770556685
sam.walker62,Red Onions,vegetables,Cotswold Fresh,11,2,2024-07-01,0.1,0.15650468055902492,0.689995055308273,0.36990083045872413
sam.walker62,Cheese,dairy,Wye Valley Growers,4,2,2024-03-22,0.1,0.06627511758672633,0.7693013074850518,0.34748559354605657
tara.brown10,Yoghurt,dairy,Severn Side Produce,33,7,2025-12-01,0.6,0.4590451032846142,0.9717994432545065,0.6641468392725711
tara.brown10,Chutney,preserves,Wye Valley Growers,27,7,2025-12-01,0.6,0.3769175491824726,0.8860389941587289,0.5805661271729752
tara.brown10,Strawberry Jam,preserves,Severn Side Produce,24,4,2025-12-10,0.3,0.3353876505665506,0.8982296206402293,0.5605244385960221
tara.brown10,Cheese,dairy,Wye Valley Growers,18,5,2025-11-15,0.4,0.25488974774695516,0.8213799915598329,0.48148584527210625
tara.brown10,Whole Milk,dairy,Severn Side Produce,10,4,2025-11-15,0.3,0.1486831220489993,0.9438852876851515,0.4667639883034602
tara.johnson17,Wholemeal Bread,bakery,River Bend Nursery,36,6,2025-10-24,0.5,0.4998247498573601,0.9768484282342226,0.6906342212081051
tara.johnson17,Sourdough Loaf,bakery,Avon Growers,33,6,2025-10-24,0.5,0.45759202877200167,0.9592689297409741,0.6582627891595907
tara.johnson17,Strawberry Jam,preserves,River Bend Nursery,11,2,2024-06-01,0.1,0.16102748722280788,0.8317628160041673,0.4293216187353517
tara.johnson17,Chutney,preserves,River Bend Nursery,2,1,2024-04-16,0.0,0.04037792204524713,0.7698052476111323,0.33214885227160124
tara.johnson17,Yoghurt,dairy,Cotswold Fresh,6,1,2024-05-17,0.0,0.09434997630625715,0.6138741058816529,0.3021596281364155
